"vars","n","mean","sd","median","trimmed","mad","min","max","range","skew","kurtosis","se"
1,712,29.6420926966292,14.4929329003235,28,29.2175438596491,12.97275,0.42,80,79.58,0.387243610161409,0.169295068571949,0.543145623764159
2,712,34.5672514044944,52.9386481747109,15.64585,22.9953650877193,12.02455317,0,512.3292,512.3292,4.64736280322872,30.6927562884354,1.98395971897744
