"vars","n","mean","sd","median","trimmed","mad","min","max","range","skew","kurtosis","se"
1,712,0.404494382022472,0.491138947254119,0,0.380701754385965,0,0,1,1,0.388368633385049,-1.85176468265335,0.0184062102333515
2,712,2.24016853932584,0.836854316690345,2,2.3,1.4826,1,3,2,-0.473602229128147,-1.41308265096808,0.0313624414716196
3,712,1.63623595505618,0.481420063541436,2,1.67017543859649,0,1,2,1,-0.565180484676516,-1.6829287686989,0.0180419796671354
4,712,29.6420926966292,14.4929329003235,28,29.2175438596491,12.97275,0.42,80,79.58,0.387243610161409,0.169295068571949,0.543145623764159
5,712,0.514044943820225,0.930692126767343,0,0.301754385964912,0,0,5,5,2.50452003238978,6.93262185044395,0.0348791620855538
6,712,0.432584269662921,0.854181445745413,0,0.235087719298246,0,0,6,6,2.60317279636259,8.71877030124026,0.0320118030869243
7,712,34.5672514044944,52.9386481747109,15.64585,22.9953650877193,12.02455317,0,512.3292,512.3292,4.64736280322872,30.6927562884354,1.98395971897744
8,712,2.59550561797753,0.779037613561708,3,2.74385964912281,0,1,3,2,-1.47714425002092,0.282330091860704,0.0291956689142106
